RMSD,match,length
3.6983,"2oku_A.pds [(17,42), (71,104)]",122
3.7375,"2oku_A.pds [(17,42), (70,103)]",122
3.7954,"3nfq_A.pds [(114,139), (67,100)]",147
3.8607,"2oku_A.pds [(18,43), (71,104)]",122
3.9367,"3o8z_A.pds [(118,143), (71,104)]",152
4.0089,"2oku_A.pds [(18,43), (70,103)]",122
4.0677,"3nfq_A.pds [(114,139), (68,101)]",147
4.0894,"3nfq_A.pds [(115,140), (67,100)]",147
4.1002,"5cwj.pds [(71,96), (24,57)]",160
4.1393,"5cwj.pds [(111,136), (64,97)]",160
4.1478,"1i5n_A.pds [(42,67), (87,120)]",128
4.148,"3o8z_A.pds [(118,143), (72,105)]",152
4.1526,"2b4j_C.pds [(54,79), (7,40)]",82
4.1569,"2b4j_C.pds [(51,76), (4,37)]",82
4.1631,"1elk_A.pds [(99,124), (46,79)]",153
4.2141,"3o8z_A.pds [(119,144), (71,104)]",152
4.2269,"4flb_A.pds [(85,110), (36,69)]",131
4.2311,"5cwj.pds [(70,95), (24,57)]",160
4.2386,"3nfq_A.pds [(115,140), (68,101)]",147
4.2451,"3kyi_A.pds [(40,65), (87,120)]",127
4.2498,"2xpl_A.pds [(107,132), (60,93)]",142
4.2612,"5cwj.pds [(110,135), (64,97)]",160
4.2624,"3kyi_A.pds [(40,65), (85,118)]",127
4.2648,"3nfq_A.pds [(113,138), (67,100)]",147
4.2845,"3kyi_A.pds [(43,68), (88,121)]",127
4.3025,"3kyi_A.pds [(40,65), (84,117)]",127
4.3044,"1i5n_A.pds [(42,67), (88,121)]",128
4.3085,"2b4j_C.pds [(55,80), (7,40)]",82
4.3101,"3o8z_A.pds [(119,144), (72,105)]",152
4.3178,"2b4j_C.pds [(52,77), (4,37)]",82
4.3253,"2oku_A.pds [(18,43), (74,107)]",122
4.3392,"3kyi_A.pds [(41,66), (87,120)]",127
4.355,"1elk_A.pds [(97,122), (46,79)]",153
4.3609,"1elk_A.pds [(96,121), (46,79)]",153
4.3666,"1i5n_A.pds [(42,67), (86,119)]",128
4.3764,"4gk0_E.pds [(56,81), (7,40)]",96
4.3821,"1wy6_A.pds [(106,131), (65,98)]",159
4.383,"2b4j_C.pds [(51,76), (5,38)]",82
4.3838,"3kyi_A.pds [(43,68), (87,120)]",127
4.3849,"4ba9_A.pds [(73,98), (24,57)]",104
4.3875,"1i5n_A.pds [(43,68), (87,120)]",128
4.3882,"2xpl_A.pds [(107,132), (61,94)]",142
4.3882,"3vu7_H.pds [(55,80), (6,39)]",94
4.389,"1elk_A.pds [(100,125), (46,79)]",153
4.3974,"5cwj.pds [(90,115), (44,77)]",160
4.403,"2oku_A.pds [(17,42), (74,107)]",122
4.4077,"3o8z_A.pds [(117,142), (71,104)]",152
4.4141,"5cwj.pds [(71,96), (25,58)]",160
4.4186,"1elk_A.pds [(120,145), (67,100)]",153
4.4248,"4ba9_A.pds [(74,99), (24,57)]",104
4.4269,"2oku_A.pds [(16,41), (70,103)]",122
4.4309,"5cwj.pds [(131,156), (84,117)]",160
4.4311,"5cwj.pds [(111,136), (65,98)]",160
4.4354,"2xpl_A.pds [(67,92), (14,47)]",142
4.4379,"2b4j_C.pds [(54,79), (8,41)]",82
4.4384,"3kyi_A.pds [(40,65), (88,121)]",127
4.4412,"5cwj.pds [(91,116), (44,77)]",160
4.4412,"3kyi_A.pds [(41,66), (88,121)]",127
4.4422,"1elk_A.pds [(98,123), (46,79)]",153
4.443,"5cwj.pds [(130,155), (84,117)]",160
4.4446,"3kyi_A.pds [(40,65), (86,119)]",127
4.4473,"3piv_A.pds [(59,84), (112,145)]",156
4.4477,"2b4j_C.pds [(54,79), (6,39)]",82
4.4496,"2b4j_C.pds [(52,77), (5,38)]",82
4.45,"5cwj.pds [(50,75), (4,37)]",160
4.4532,"2b4j_C.pds [(52,77), (7,40)]",82
4.454,"3piw_A.pds [(63,88), (116,149)]",154
4.4543,"4flb_A.pds [(84,109), (36,69)]",131
4.4581,"3kyi_A.pds [(42,67), (87,120)]",127
4.4683,"4gk0_E.pds [(57,82), (7,40)]",96
4.4702,"4ba9_A.pds [(74,99), (25,58)]",104
4.4768,"1wy6_A.pds [(43,68), (1,34)]",159
4.477,"3kyi_A.pds [(42,67), (88,121)]",127
4.4771,"3kyi_A.pds [(41,66), (85,118)]",127
4.4807,"2oku_A.pds [(17,42), (72,105)]",122
4.4829,"1i5n_A.pds [(43,68), (88,121)]",128
4.4877,"5cwj.pds [(51,76), (4,37)]",160
4.4904,"2oku_A.pds [(16,41), (71,104)]",122
4.4937,"2b4j_C.pds [(55,80), (8,41)]",82
4.4943,"2xpl_A.pds [(108,133), (60,93)]",142
4.4943,"2xpl_A.pds [(67,92), (13,46)]",142
4.4955,"3vu7_H.pds [(56,81), (6,39)]",94
4.4978,"2b4j_C.pds [(53,78), (7,40)]",82